"data_attributes_time","data_attributes_direction_id","data_attributes_stop_sequence","data_attributes_prediction_id","data_attributes_route_id","data_attributes_stop_id","data_attributes_trip_id","data_attributes_vehicle_id"
"2019-11-15T07:21:32-05:00",1,1,"prediction-41893179-17863-1",43,17863,41893179,"y1891"
"2019-11-15T07:21:38-05:00",0,1,"prediction-41893182-10000-1",43,10000,41893182,"y1786"
"2019-11-15T08:07:00-05:00",0,1,"prediction-41893211-10000-1",43,10000,41893211,"y1786"
"2019-11-15T07:41:00-05:00",1,1,"prediction-41893225-17863-1",43,17863,41893225,"y1786"
"2019-11-15T08:05:00-05:00",1,1,"prediction-41893226-17863-1",43,17863,41893226,"y1891"
"2019-11-15T07:42:00-05:00",0,1,"prediction-41893248-10000-1",43,10000,41893248,"y1891"
"2019-11-15T07:22:11-05:00",0,2,"prediction-41893182-8279-2",43,8279,41893182,"y1786"
"2019-11-15T07:22:50-05:00",0,3,"prediction-41893182-8281-3",43,8281,41893182,"y1786"
"2019-11-15T07:23:15-05:00",0,4,"prediction-41893182-1242-4",43,1242,41893182,"y1786"
"2019-11-15T07:23:28-05:00",1,2,"prediction-41893179-1226-2",43,1226,41893179,"y1891"
"2019-11-15T07:23:42-05:00",1,3,"prediction-41893179-1227-3",43,1227,41893179,"y1891"
"2019-11-15T07:24:43-05:00",1,4,"prediction-41893179-1228-4",43,1228,41893179,"y1891"
"2019-11-15T07:24:43-05:00",0,5,"prediction-41893182-168-5",43,168,41893182,"y1786"
"2019-11-15T07:24:54-05:00",0,6,"prediction-41893182-11245-6",43,11245,41893182,"y1786"
"2019-11-15T07:25:08-05:00",1,5,"prediction-41893179-11228-5",43,11228,41893179,"y1891"
"2019-11-15T07:25:33-05:00",1,6,"prediction-41893179-1230-6",43,1230,41893179,"y1891"
"2019-11-15T07:26:33-05:00",1,7,"prediction-41893179-1231-7",43,1231,41893179,"y1891"
"2019-11-15T07:26:38-05:00",0,7,"prediction-41893182-1246-7",43,1246,41893182,"y1786"
"2019-11-15T07:27:06-05:00",0,8,"prediction-41893182-1247-8",43,1247,41893182,"y1786"
"2019-11-15T07:27:15-05:00",1,8,"prediction-41893179-1232-8",43,1232,41893179,"y1891"
"2019-11-15T07:27:59-05:00",0,9,"prediction-41893182-1248-9",43,1248,41893182,"y1786"
"2019-11-15T07:28:03-05:00",1,9,"prediction-41893179-1233-9",43,1233,41893179,"y1891"
"2019-11-15T07:28:25-05:00",0,10,"prediction-41893182-1249-10",43,1249,41893182,"y1786"
"2019-11-15T07:28:37-05:00",0,11,"prediction-41893182-1250-11",43,1250,41893182,"y1786"
"2019-11-15T07:28:41-05:00",1,10,"prediction-41893179-1234-10",43,1234,41893179,"y1891"
"2019-11-15T07:29:02-05:00",0,12,"prediction-41893182-1251-12",43,1251,41893182,"y1786"
"2019-11-15T07:29:03-05:00",1,11,"prediction-41893179-1235-11",43,1235,41893179,"y1891"
"2019-11-15T07:29:20-05:00",0,13,"prediction-41893182-1252-13",43,1252,41893182,"y1786"
"2019-11-15T07:29:47-05:00",0,14,"prediction-41893182-1253-14",43,1253,41893182,"y1786"
"2019-11-15T07:29:56-05:00",1,12,"prediction-41893179-1236-12",43,1236,41893179,"y1891"
"2019-11-15T07:30:27-05:00",0,15,"prediction-41893182-1254-15",43,1254,41893182,"y1786"
"2019-11-15T07:30:45-05:00",1,13,"prediction-41893179-1237-13",43,1237,41893179,"y1891"
"2019-11-15T07:30:54-05:00",0,16,"prediction-41893182-1255-16",43,1255,41893182,"y1786"
"2019-11-15T07:31:40-05:00",1,14,"prediction-41893179-1238-14",43,1238,41893179,"y1891"
"2019-11-15T07:32:15-05:00",1,15,"prediction-41893179-1239-15",43,1239,41893179,"y1891"
"null",0,17,"prediction-41893182-17863-17",43,17863,41893182,"y1786"
"2019-11-15T07:34:19-05:00",1,16,"prediction-41893179-1241-16",43,1241,41893179,"y1891"
"2019-11-15T07:35:10-05:00",1,17,"prediction-41893179-9980-17",43,9980,41893179,"y1891"
"2019-11-15T07:36:46-05:00",1,18,"prediction-41893179-9981-18",43,9981,41893179,"y1891"
"2019-11-15T07:37:08-05:00",1,19,"prediction-41893179-9982-19",43,9982,41893179,"y1891"
"null",1,20,"prediction-41893179-10000-20",43,10000,41893179,"y1891"
"2019-11-15T07:43:32-05:00",1,2,"prediction-41893225-1226-2",43,1226,41893225,"y1786"
"2019-11-15T07:43:54-05:00",1,3,"prediction-41893225-1227-3",43,1227,41893225,"y1786"
"2019-11-15T07:44:34-05:00",1,4,"prediction-41893225-1228-4",43,1228,41893225,"y1786"
"2019-11-15T07:44:45-05:00",0,2,"prediction-41893248-8279-2",43,8279,41893248,"y1891"
"2019-11-15T07:44:46-05:00",1,5,"prediction-41893225-11228-5",43,11228,41893225,"y1786"
"2019-11-15T07:45:10-05:00",1,6,"prediction-41893225-1230-6",43,1230,41893225,"y1786"
"2019-11-15T07:46:21-05:00",1,7,"prediction-41893225-1231-7",43,1231,41893225,"y1786"
"2019-11-15T07:46:33-05:00",0,3,"prediction-41893248-8281-3",43,8281,41893248,"y1891"
"2019-11-15T07:46:53-05:00",0,4,"prediction-41893248-1242-4",43,1242,41893248,"y1891"
"2019-11-15T07:47:09-05:00",1,8,"prediction-41893225-1232-8",43,1232,41893225,"y1786"
"2019-11-15T07:47:57-05:00",1,9,"prediction-41893225-1233-9",43,1233,41893225,"y1786"
"2019-11-15T07:48:40-05:00",1,10,"prediction-41893225-1234-10",43,1234,41893225,"y1786"
"2019-11-15T07:49:07-05:00",0,5,"prediction-41893248-168-5",43,168,41893248,"y1891"
"2019-11-15T07:49:24-05:00",1,11,"prediction-41893225-1235-11",43,1235,41893225,"y1786"
"2019-11-15T07:49:39-05:00",0,6,"prediction-41893248-11245-6",43,11245,41893248,"y1891"
"2019-11-15T07:50:20-05:00",1,12,"prediction-41893225-1236-12",43,1236,41893225,"y1786"
"2019-11-15T07:51:11-05:00",1,13,"prediction-41893225-1237-13",43,1237,41893225,"y1786"
"2019-11-15T07:51:23-05:00",0,7,"prediction-41893248-1246-7",43,1246,41893248,"y1891"
"2019-11-15T07:52:01-05:00",0,8,"prediction-41893248-1247-8",43,1247,41893248,"y1891"
"2019-11-15T07:52:36-05:00",1,14,"prediction-41893225-1238-14",43,1238,41893225,"y1786"
"2019-11-15T07:53:22-05:00",0,9,"prediction-41893248-1248-9",43,1248,41893248,"y1891"
"2019-11-15T07:53:50-05:00",0,10,"prediction-41893248-1249-10",43,1249,41893248,"y1891"
"2019-11-15T07:54:09-05:00",1,15,"prediction-41893225-1239-15",43,1239,41893225,"y1786"
"2019-11-15T07:54:42-05:00",0,11,"prediction-41893248-1250-11",43,1250,41893248,"y1891"
"2019-11-15T07:54:53-05:00",0,12,"prediction-41893248-1251-12",43,1251,41893248,"y1891"
"2019-11-15T07:55:17-05:00",0,13,"prediction-41893248-1252-13",43,1252,41893248,"y1891"
"2019-11-15T07:55:50-05:00",0,14,"prediction-41893248-1253-14",43,1253,41893248,"y1891"
"2019-11-15T07:56:05-05:00",0,15,"prediction-41893248-1254-15",43,1254,41893248,"y1891"
"2019-11-15T07:56:51-05:00",0,16,"prediction-41893248-1255-16",43,1255,41893248,"y1891"
"2019-11-15T07:57:14-05:00",1,16,"prediction-41893225-1241-16",43,1241,41893225,"y1786"
"null",0,17,"prediction-41893248-17863-17",43,17863,41893248,"y1891"
"2019-11-15T07:58:00-05:00",1,17,"prediction-41893225-9980-17",43,9980,41893225,"y1786"
"2019-11-15T07:59:24-05:00",1,18,"prediction-41893225-9981-18",43,9981,41893225,"y1786"
"2019-11-15T07:59:53-05:00",1,19,"prediction-41893225-9982-19",43,9982,41893225,"y1786"
"null",1,20,"prediction-41893225-10000-20",43,10000,41893225,"y1786"
"2019-11-15T08:05:47-05:00",1,2,"prediction-41893226-1226-2",43,1226,41893226,"y1891"
"2019-11-15T08:06:05-05:00",1,3,"prediction-41893226-1227-3",43,1227,41893226,"y1891"
"2019-11-15T08:06:45-05:00",0,2,"prediction-41893211-8279-2",43,8279,41893211,"y1786"
"2019-11-15T08:07:20-05:00",1,4,"prediction-41893226-1228-4",43,1228,41893226,"y1891"
"2019-11-15T08:07:44-05:00",0,3,"prediction-41893211-8281-3",43,8281,41893211,"y1786"
"2019-11-15T08:07:45-05:00",1,5,"prediction-41893226-11228-5",43,11228,41893226,"y1891"
"2019-11-15T08:08:06-05:00",1,6,"prediction-41893226-1230-6",43,1230,41893226,"y1891"
"2019-11-15T08:08:08-05:00",0,4,"prediction-41893211-1242-4",43,1242,41893211,"y1786"
"2019-11-15T08:08:31-05:00",1,7,"prediction-41893226-1231-7",43,1231,41893226,"y1891"
"2019-11-15T08:09:23-05:00",0,5,"prediction-41893211-168-5",43,168,41893211,"y1786"
"2019-11-15T08:09:32-05:00",0,6,"prediction-41893211-11245-6",43,11245,41893211,"y1786"
"2019-11-15T08:09:33-05:00",1,8,"prediction-41893226-1232-8",43,1232,41893226,"y1891"
"2019-11-15T08:10:16-05:00",1,9,"prediction-41893226-1233-9",43,1233,41893226,"y1891"
"2019-11-15T08:10:53-05:00",1,10,"prediction-41893226-1234-10",43,1234,41893226,"y1891"
"2019-11-15T08:11:29-05:00",1,11,"prediction-41893226-1235-11",43,1235,41893226,"y1891"
"2019-11-15T08:11:48-05:00",0,7,"prediction-41893211-1246-7",43,1246,41893211,"y1786"
"2019-11-15T08:11:56-05:00",0,8,"prediction-41893211-1247-8",43,1247,41893211,"y1786"
"2019-11-15T08:12:51-05:00",1,12,"prediction-41893226-1236-12",43,1236,41893226,"y1891"
"2019-11-15T08:13:02-05:00",0,9,"prediction-41893211-1248-9",43,1248,41893211,"y1786"
"2019-11-15T08:13:16-05:00",0,10,"prediction-41893211-1249-10",43,1249,41893211,"y1786"
"2019-11-15T08:13:31-05:00",0,11,"prediction-41893211-1250-11",43,1250,41893211,"y1786"
"2019-11-15T08:13:52-05:00",1,13,"prediction-41893226-1237-13",43,1237,41893226,"y1891"
"2019-11-15T08:14:05-05:00",0,12,"prediction-41893211-1251-12",43,1251,41893211,"y1786"
"2019-11-15T08:14:25-05:00",0,13,"prediction-41893211-1252-13",43,1252,41893211,"y1786"
"2019-11-15T08:14:40-05:00",1,14,"prediction-41893226-1238-14",43,1238,41893226,"y1891"
"2019-11-15T08:14:51-05:00",0,14,"prediction-41893211-1253-14",43,1253,41893211,"y1786"
"2019-11-15T08:15:10-05:00",0,15,"prediction-41893211-1254-15",43,1254,41893211,"y1786"
"2019-11-15T08:15:33-05:00",0,16,"prediction-41893211-1255-16",43,1255,41893211,"y1786"
"2019-11-15T08:15:58-05:00",1,15,"prediction-41893226-1239-15",43,1239,41893226,"y1891"
"null",0,17,"prediction-41893211-17863-17",43,17863,41893211,"y1786"
"2019-11-15T08:18:58-05:00",1,16,"prediction-41893226-1241-16",43,1241,41893226,"y1891"
"2019-11-15T08:20:10-05:00",1,17,"prediction-41893226-9980-17",43,9980,41893226,"y1891"
"2019-11-15T08:21:24-05:00",1,18,"prediction-41893226-9981-18",43,9981,41893226,"y1891"
"2019-11-15T08:22:49-05:00",1,19,"prediction-41893226-9982-19",43,9982,41893226,"y1891"
"null",1,20,"prediction-41893226-10000-20",43,10000,41893226,"y1891"
"2019-11-15T09:47:11-05:00",0,1,"prediction-41893181-10000-1",43,10000,41893181,"y1786"
"2019-11-15T09:55:00-05:00",1,1,"prediction-41893221-17863-1",43,17863,41893221,"y1891"
"2019-11-15T10:25:00-05:00",1,1,"prediction-41893231-17863-1",43,17863,41893231,"y1786"
"2019-11-15T10:16:00-05:00",0,1,"prediction-41893247-10000-1",43,10000,41893247,"y1891"
"2019-11-15T09:28:11-05:00",0,7,"prediction-41893195-1246-7",43,1246,41893195,"y1891"
"2019-11-15T09:28:37-05:00",0,8,"prediction-41893195-1247-8",43,1247,41893195,"y1891"
"2019-11-15T09:29:40-05:00",0,9,"prediction-41893195-1248-9",43,1248,41893195,"y1891"
"2019-11-15T09:29:53-05:00",0,10,"prediction-41893195-1249-10",43,1249,41893195,"y1891"
"2019-11-15T09:30:08-05:00",0,11,"prediction-41893195-1250-11",43,1250,41893195,"y1891"
"2019-11-15T09:30:09-05:00",1,2,"prediction-41893204-1226-2",43,1226,41893204,"y1786"
"2019-11-15T09:30:20-05:00",0,12,"prediction-41893195-1251-12",43,1251,41893195,"y1891"
"2019-11-15T09:30:25-05:00",1,3,"prediction-41893204-1227-3",43,1227,41893204,"y1786"
"2019-11-15T09:30:36-05:00",0,13,"prediction-41893195-1252-13",43,1252,41893195,"y1891"
"2019-11-15T09:31:11-05:00",0,14,"prediction-41893195-1253-14",43,1253,41893195,"y1891"
"2019-11-15T09:31:23-05:00",1,4,"prediction-41893204-1228-4",43,1228,41893204,"y1786"
"2019-11-15T09:31:29-05:00",0,15,"prediction-41893195-1254-15",43,1254,41893195,"y1891"
"2019-11-15T09:31:31-05:00",1,5,"prediction-41893204-11228-5",43,11228,41893204,"y1786"
"2019-11-15T09:31:56-05:00",0,16,"prediction-41893195-1255-16",43,1255,41893195,"y1891"
"2019-11-15T09:31:58-05:00",1,6,"prediction-41893204-1230-6",43,1230,41893204,"y1786"
"null",0,17,"prediction-41893195-17863-17",43,17863,41893195,"y1891"
"2019-11-15T09:33:29-05:00",1,7,"prediction-41893204-1231-7",43,1231,41893204,"y1786"
"2019-11-15T09:34:03-05:00",1,8,"prediction-41893204-1232-8",43,1232,41893204,"y1786"
"2019-11-15T09:34:40-05:00",1,9,"prediction-41893204-1233-9",43,1233,41893204,"y1786"
"2019-11-15T09:35:14-05:00",1,10,"prediction-41893204-1234-10",43,1234,41893204,"y1786"
"2019-11-15T09:35:34-05:00",1,11,"prediction-41893204-1235-11",43,1235,41893204,"y1786"
"2019-11-15T09:36:30-05:00",1,12,"prediction-41893204-1236-12",43,1236,41893204,"y1786"
"2019-11-15T09:37:19-05:00",1,13,"prediction-41893204-1237-13",43,1237,41893204,"y1786"
"2019-11-15T09:38:52-05:00",1,14,"prediction-41893204-1238-14",43,1238,41893204,"y1786"
"2019-11-15T09:40:16-05:00",1,15,"prediction-41893204-1239-15",43,1239,41893204,"y1786"
"2019-11-15T09:42:11-05:00",1,16,"prediction-41893204-1241-16",43,1241,41893204,"y1786"
"2019-11-15T09:43:49-05:00",1,17,"prediction-41893204-9980-17",43,9980,41893204,"y1786"
"2019-11-15T09:44:50-05:00",1,18,"prediction-41893204-9981-18",43,9981,41893204,"y1786"
"2019-11-15T09:45:22-05:00",1,19,"prediction-41893204-9982-19",43,9982,41893204,"y1786"
"null",1,20,"prediction-41893204-10000-20",43,10000,41893204,"y1786"
"2019-11-15T09:47:52-05:00",0,2,"prediction-41893181-8279-2",43,8279,41893181,"y1786"
"2019-11-15T09:49:34-05:00",0,3,"prediction-41893181-8281-3",43,8281,41893181,"y1786"
"2019-11-15T09:50:01-05:00",0,4,"prediction-41893181-1242-4",43,1242,41893181,"y1786"
"2019-11-15T09:51:24-05:00",0,5,"prediction-41893181-168-5",43,168,41893181,"y1786"
"2019-11-15T09:51:33-05:00",0,6,"prediction-41893181-11245-6",43,11245,41893181,"y1786"
"2019-11-15T09:53:58-05:00",0,7,"prediction-41893181-1246-7",43,1246,41893181,"y1786"
"2019-11-15T09:54:10-05:00",0,8,"prediction-41893181-1247-8",43,1247,41893181,"y1786"
"2019-11-15T09:55:20-05:00",0,9,"prediction-41893181-1248-9",43,1248,41893181,"y1786"
"2019-11-15T09:55:36-05:00",0,10,"prediction-41893181-1249-10",43,1249,41893181,"y1786"
"2019-11-15T09:55:48-05:00",0,11,"prediction-41893181-1250-11",43,1250,41893181,"y1786"
"2019-11-15T09:56:17-05:00",0,12,"prediction-41893181-1251-12",43,1251,41893181,"y1786"
"2019-11-15T09:57:18-05:00",1,2,"prediction-41893221-1226-2",43,1226,41893221,"y1891"
"2019-11-15T09:57:25-05:00",0,13,"prediction-41893181-1252-13",43,1252,41893181,"y1786"
"2019-11-15T09:57:35-05:00",1,3,"prediction-41893221-1227-3",43,1227,41893221,"y1891"
"2019-11-15T09:57:52-05:00",0,14,"prediction-41893181-1253-14",43,1253,41893181,"y1786"
"2019-11-15T09:58:09-05:00",0,15,"prediction-41893181-1254-15",43,1254,41893181,"y1786"
"2019-11-15T09:58:25-05:00",1,4,"prediction-41893221-1228-4",43,1228,41893221,"y1891"
"2019-11-15T09:58:34-05:00",1,5,"prediction-41893221-11228-5",43,11228,41893221,"y1891"
"2019-11-15T09:58:41-05:00",0,16,"prediction-41893181-1255-16",43,1255,41893181,"y1786"
"2019-11-15T09:58:57-05:00",1,6,"prediction-41893221-1230-6",43,1230,41893221,"y1891"
"null",0,17,"prediction-41893181-17863-17",43,17863,41893181,"y1786"
"2019-11-15T09:59:29-05:00",1,7,"prediction-41893221-1231-7",43,1231,41893221,"y1891"
"2019-11-15T10:00:05-05:00",1,8,"prediction-41893221-1232-8",43,1232,41893221,"y1891"
"2019-11-15T10:01:01-05:00",1,9,"prediction-41893221-1233-9",43,1233,41893221,"y1891"
"2019-11-15T10:01:28-05:00",1,10,"prediction-41893221-1234-10",43,1234,41893221,"y1891"
"2019-11-15T10:01:57-05:00",1,11,"prediction-41893221-1235-11",43,1235,41893221,"y1891"
"2019-11-15T10:02:49-05:00",1,12,"prediction-41893221-1236-12",43,1236,41893221,"y1891"
"2019-11-15T10:03:34-05:00",1,13,"prediction-41893221-1237-13",43,1237,41893221,"y1891"
"2019-11-15T10:04:24-05:00",1,14,"prediction-41893221-1238-14",43,1238,41893221,"y1891"
"2019-11-15T10:04:52-05:00",1,15,"prediction-41893221-1239-15",43,1239,41893221,"y1891"
"2019-11-15T10:06:32-05:00",1,16,"prediction-41893221-1241-16",43,1241,41893221,"y1891"
"2019-11-15T10:07:45-05:00",1,17,"prediction-41893221-9980-17",43,9980,41893221,"y1891"
"2019-11-15T10:08:50-05:00",1,18,"prediction-41893221-9981-18",43,9981,41893221,"y1891"
"2019-11-15T10:09:21-05:00",1,19,"prediction-41893221-9982-19",43,9982,41893221,"y1891"
"null",1,20,"prediction-41893221-10000-20",43,10000,41893221,"y1891"
"2019-11-15T10:17:34-05:00",0,2,"prediction-41893247-8279-2",43,8279,41893247,"y1891"
"2019-11-15T10:18:38-05:00",0,3,"prediction-41893247-8281-3",43,8281,41893247,"y1891"
"2019-11-15T10:19:16-05:00",0,4,"prediction-41893247-1242-4",43,1242,41893247,"y1891"
"2019-11-15T10:20:54-05:00",0,5,"prediction-41893247-168-5",43,168,41893247,"y1891"
"2019-11-15T10:21:23-05:00",0,6,"prediction-41893247-11245-6",43,11245,41893247,"y1891"
"2019-11-15T10:23:40-05:00",0,7,"prediction-41893247-1246-7",43,1246,41893247,"y1891"
"2019-11-15T10:23:48-05:00",0,8,"prediction-41893247-1247-8",43,1247,41893247,"y1891"
"2019-11-15T10:25:12-05:00",0,9,"prediction-41893247-1248-9",43,1248,41893247,"y1891"
"2019-11-15T10:25:25-05:00",0,10,"prediction-41893247-1249-10",43,1249,41893247,"y1891"
"2019-11-15T10:26:02-05:00",0,11,"prediction-41893247-1250-11",43,1250,41893247,"y1891"
"2019-11-15T10:26:25-05:00",0,12,"prediction-41893247-1251-12",43,1251,41893247,"y1891"
"2019-11-15T10:27:03-05:00",1,2,"prediction-41893231-1226-2",43,1226,41893231,"y1786"
"2019-11-15T10:27:04-05:00",0,13,"prediction-41893247-1252-13",43,1252,41893247,"y1891"
"2019-11-15T10:27:33-05:00",1,3,"prediction-41893231-1227-3",43,1227,41893231,"y1786"
"2019-11-15T10:27:34-05:00",0,14,"prediction-41893247-1253-14",43,1253,41893247,"y1891"
"2019-11-15T10:28:14-05:00",0,15,"prediction-41893247-1254-15",43,1254,41893247,"y1891"
"2019-11-15T10:28:43-05:00",1,4,"prediction-41893231-1228-4",43,1228,41893231,"y1786"
"2019-11-15T10:28:50-05:00",0,16,"prediction-41893247-1255-16",43,1255,41893247,"y1891"
"2019-11-15T10:28:56-05:00",1,5,"prediction-41893231-11228-5",43,11228,41893231,"y1786"
"2019-11-15T10:29:19-05:00",1,6,"prediction-41893231-1230-6",43,1230,41893231,"y1786"
"2019-11-15T10:29:45-05:00",1,7,"prediction-41893231-1231-7",43,1231,41893231,"y1786"
"2019-11-15T10:30:08-05:00",1,8,"prediction-41893231-1232-8",43,1232,41893231,"y1786"
"null",0,17,"prediction-41893247-17863-17",43,17863,41893247,"y1891"
"2019-11-15T10:30:46-05:00",1,9,"prediction-41893231-1233-9",43,1233,41893231,"y1786"
"2019-11-15T10:30:58-05:00",1,10,"prediction-41893231-1234-10",43,1234,41893231,"y1786"
"2019-11-15T10:31:17-05:00",1,11,"prediction-41893231-1235-11",43,1235,41893231,"y1786"
"2019-11-15T10:32:27-05:00",1,12,"prediction-41893231-1236-12",43,1236,41893231,"y1786"
"2019-11-15T10:32:51-05:00",1,13,"prediction-41893231-1237-13",43,1237,41893231,"y1786"
"2019-11-15T10:33:45-05:00",1,14,"prediction-41893231-1238-14",43,1238,41893231,"y1786"
"2019-11-15T10:34:16-05:00",1,15,"prediction-41893231-1239-15",43,1239,41893231,"y1786"
"2019-11-15T10:36:26-05:00",1,16,"prediction-41893231-1241-16",43,1241,41893231,"y1786"
"2019-11-15T10:37:36-05:00",1,17,"prediction-41893231-9980-17",43,9980,41893231,"y1786"
"2019-11-15T10:38:46-05:00",1,18,"prediction-41893231-9981-18",43,9981,41893231,"y1786"
"2019-11-15T10:39:33-05:00",1,19,"prediction-41893231-9982-19",43,9982,41893231,"y1786"
"null",1,20,"prediction-41893231-10000-20",43,10000,41893231,"y1786"
"2019-11-15T12:48:00-05:00",0,1,"prediction-41893177-10000-1",43,10000,41893177,"y1828"
"2019-11-15T13:16:00-05:00",0,1,"prediction-41893215-10000-1",43,10000,41893215,"y1753"
"2019-11-15T12:55:00-05:00",1,1,"prediction-41893241-17863-1",43,17863,41893241,"y1753"
"2019-11-15T13:25:00-05:00",1,1,"prediction-41893245-17863-1",43,17863,41893245,"y1908"
"2019-11-15T12:30:30-05:00",1,7,"prediction-41893190-1231-7",43,1231,41893190,"y1828"
"2019-11-15T12:30:39-05:00",0,7,"prediction-41893202-1246-7",43,1246,41893202,"y1753"
"2019-11-15T12:30:48-05:00",1,8,"prediction-41893190-1232-8",43,1232,41893190,"y1828"
"2019-11-15T12:30:57-05:00",1,9,"prediction-41893190-1233-9",43,1233,41893190,"y1828"
"2019-11-15T12:31:16-05:00",1,10,"prediction-41893190-1234-10",43,1234,41893190,"y1828"
"2019-11-15T12:31:23-05:00",0,8,"prediction-41893202-1247-8",43,1247,41893202,"y1753"
"2019-11-15T12:31:39-05:00",1,11,"prediction-41893190-1235-11",43,1235,41893190,"y1828"
"2019-11-15T12:32:29-05:00",1,12,"prediction-41893190-1236-12",43,1236,41893190,"y1828"
"2019-11-15T12:32:46-05:00",0,9,"prediction-41893202-1248-9",43,1248,41893202,"y1753"
"2019-11-15T12:33:11-05:00",0,10,"prediction-41893202-1249-10",43,1249,41893202,"y1753"
"2019-11-15T12:33:52-05:00",1,13,"prediction-41893190-1237-13",43,1237,41893190,"y1828"
"2019-11-15T12:34:13-05:00",0,11,"prediction-41893202-1250-11",43,1250,41893202,"y1753"
"2019-11-15T12:34:48-05:00",0,12,"prediction-41893202-1251-12",43,1251,41893202,"y1753"
"2019-11-15T12:35:10-05:00",1,14,"prediction-41893190-1238-14",43,1238,41893190,"y1828"
"2019-11-15T12:35:52-05:00",0,13,"prediction-41893202-1252-13",43,1252,41893202,"y1753"
"2019-11-15T12:36:04-05:00",1,15,"prediction-41893190-1239-15",43,1239,41893190,"y1828"
"2019-11-15T12:36:22-05:00",0,14,"prediction-41893202-1253-14",43,1253,41893202,"y1753"
"2019-11-15T12:37:10-05:00",0,15,"prediction-41893202-1254-15",43,1254,41893202,"y1753"
"2019-11-15T12:37:22-05:00",1,16,"prediction-41893190-1241-16",43,1241,41893190,"y1828"
"2019-11-15T12:37:43-05:00",0,16,"prediction-41893202-1255-16",43,1255,41893202,"y1753"
"2019-11-15T12:38:20-05:00",1,17,"prediction-41893190-9980-17",43,9980,41893190,"y1828"
"null",0,17,"prediction-41893202-17863-17",43,17863,41893202,"y1753"
"2019-11-15T12:39:34-05:00",1,18,"prediction-41893190-9981-18",43,9981,41893190,"y1828"
"2019-11-15T12:40:05-05:00",1,19,"prediction-41893190-9982-19",43,9982,41893190,"y1828"
"null",1,20,"prediction-41893190-10000-20",43,10000,41893190,"y1828"
"2019-11-15T12:48:01-05:00",0,2,"prediction-41893177-8279-2",43,8279,41893177,"y1828"
"2019-11-15T12:50:52-05:00",0,3,"prediction-41893177-8281-3",43,8281,41893177,"y1828"
"2019-11-15T12:51:23-05:00",0,4,"prediction-41893177-1242-4",43,1242,41893177,"y1828"
"2019-11-15T12:54:44-05:00",0,5,"prediction-41893177-168-5",43,168,41893177,"y1828"
"2019-11-15T12:54:58-05:00",0,6,"prediction-41893177-11245-6",43,11245,41893177,"y1828"
"2019-11-15T12:56:51-05:00",0,7,"prediction-41893177-1246-7",43,1246,41893177,"y1828"
"2019-11-15T12:57:21-05:00",0,8,"prediction-41893177-1247-8",43,1247,41893177,"y1828"
"2019-11-15T12:57:28-05:00",1,2,"prediction-41893241-1226-2",43,1226,41893241,"y1753"
"2019-11-15T12:57:45-05:00",1,3,"prediction-41893241-1227-3",43,1227,41893241,"y1753"
"2019-11-15T12:58:30-05:00",0,9,"prediction-41893177-1248-9",43,1248,41893177,"y1828"
"2019-11-15T12:58:53-05:00",1,4,"prediction-41893241-1228-4",43,1228,41893241,"y1753"
"2019-11-15T12:59:10-05:00",0,10,"prediction-41893177-1249-10",43,1249,41893177,"y1828"
"2019-11-15T12:59:28-05:00",0,11,"prediction-41893177-1250-11",43,1250,41893177,"y1828"
"2019-11-15T12:59:51-05:00",1,5,"prediction-41893241-11228-5",43,11228,41893241,"y1753"
"2019-11-15T12:59:54-05:00",0,12,"prediction-41893177-1251-12",43,1251,41893177,"y1828"
"2019-11-15T13:00:11-05:00",1,6,"prediction-41893241-1230-6",43,1230,41893241,"y1753"
"2019-11-15T13:00:13-05:00",0,13,"prediction-41893177-1252-13",43,1252,41893177,"y1828"
"2019-11-15T13:00:43-05:00",0,14,"prediction-41893177-1253-14",43,1253,41893177,"y1828"
"2019-11-15T13:01:00-05:00",1,7,"prediction-41893241-1231-7",43,1231,41893241,"y1753"
"2019-11-15T13:01:16-05:00",1,8,"prediction-41893241-1232-8",43,1232,41893241,"y1753"
"2019-11-15T13:01:38-05:00",0,15,"prediction-41893177-1254-15",43,1254,41893177,"y1828"
"2019-11-15T13:01:39-05:00",1,9,"prediction-41893241-1233-9",43,1233,41893241,"y1753"
"2019-11-15T13:01:47-05:00",1,10,"prediction-41893241-1234-10",43,1234,41893241,"y1753"
"2019-11-15T13:02:05-05:00",1,11,"prediction-41893241-1235-11",43,1235,41893241,"y1753"
"2019-11-15T13:02:11-05:00",0,16,"prediction-41893177-1255-16",43,1255,41893177,"y1828"
"2019-11-15T13:03:08-05:00",1,12,"prediction-41893241-1236-12",43,1236,41893241,"y1753"
"2019-11-15T13:03:44-05:00",1,13,"prediction-41893241-1237-13",43,1237,41893241,"y1753"
"2019-11-15T13:04:24-05:00",1,14,"prediction-41893241-1238-14",43,1238,41893241,"y1753"
"2019-11-15T13:04:49-05:00",1,15,"prediction-41893241-1239-15",43,1239,41893241,"y1753"
"2019-11-15T13:05:48-05:00",1,16,"prediction-41893241-1241-16",43,1241,41893241,"y1753"
"2019-11-15T13:06:37-05:00",1,17,"prediction-41893241-9980-17",43,9980,41893241,"y1753"
"2019-11-15T13:07:47-05:00",1,18,"prediction-41893241-9981-18",43,9981,41893241,"y1753"
"2019-11-15T13:08:32-05:00",1,19,"prediction-41893241-9982-19",43,9982,41893241,"y1753"
"null",1,20,"prediction-41893241-10000-20",43,10000,41893241,"y1753"
"2019-11-15T13:18:42-05:00",0,2,"prediction-41893215-8279-2",43,8279,41893215,"y1753"
"2019-11-15T13:21:21-05:00",0,3,"prediction-41893215-8281-3",43,8281,41893215,"y1753"
"2019-11-15T13:21:45-05:00",0,4,"prediction-41893215-1242-4",43,1242,41893215,"y1753"
"2019-11-15T13:24:07-05:00",0,5,"prediction-41893215-168-5",43,168,41893215,"y1753"
"2019-11-15T13:24:18-05:00",0,6,"prediction-41893215-11245-6",43,11245,41893215,"y1753"
"2019-11-15T13:26:28-05:00",0,7,"prediction-41893215-1246-7",43,1246,41893215,"y1753"
"2019-11-15T13:26:54-05:00",0,8,"prediction-41893215-1247-8",43,1247,41893215,"y1753"
"2019-11-15T13:28:00-05:00",1,2,"prediction-41893245-1226-2",43,1226,41893245,"y1908"
"2019-11-15T13:28:13-05:00",0,9,"prediction-41893215-1248-9",43,1248,41893215,"y1753"
"2019-11-15T13:28:18-05:00",1,3,"prediction-41893245-1227-3",43,1227,41893245,"y1908"
"2019-11-15T13:28:51-05:00",0,10,"prediction-41893215-1249-10",43,1249,41893215,"y1753"
"2019-11-15T13:29:12-05:00",1,4,"prediction-41893245-1228-4",43,1228,41893245,"y1908"
"2019-11-15T13:29:27-05:00",1,5,"prediction-41893245-11228-5",43,11228,41893245,"y1908"
"2019-11-15T13:29:47-05:00",0,11,"prediction-41893215-1250-11",43,1250,41893215,"y1753"
"2019-11-15T13:29:55-05:00",0,12,"prediction-41893215-1251-12",43,1251,41893215,"y1753"
"2019-11-15T13:30:05-05:00",1,6,"prediction-41893245-1230-6",43,1230,41893245,"y1908"
"2019-11-15T13:30:37-05:00",1,7,"prediction-41893245-1231-7",43,1231,41893245,"y1908"
"2019-11-15T13:30:55-05:00",1,8,"prediction-41893245-1232-8",43,1232,41893245,"y1908"
"2019-11-15T13:31:12-05:00",1,9,"prediction-41893245-1233-9",43,1233,41893245,"y1908"
"2019-11-15T13:31:26-05:00",0,13,"prediction-41893215-1252-13",43,1252,41893215,"y1753"
"2019-11-15T13:31:34-05:00",1,10,"prediction-41893245-1234-10",43,1234,41893245,"y1908"
"2019-11-15T13:31:54-05:00",1,11,"prediction-41893245-1235-11",43,1235,41893245,"y1908"
"2019-11-15T13:32:17-05:00",0,14,"prediction-41893215-1253-14",43,1253,41893215,"y1753"
"2019-11-15T13:32:55-05:00",1,12,"prediction-41893245-1236-12",43,1236,41893245,"y1908"
"2019-11-15T13:33:07-05:00",0,15,"prediction-41893215-1254-15",43,1254,41893215,"y1753"
"2019-11-15T13:33:40-05:00",0,16,"prediction-41893215-1255-16",43,1255,41893215,"y1753"
"2019-11-15T13:34:24-05:00",1,13,"prediction-41893245-1237-13",43,1237,41893245,"y1908"
"2019-11-15T13:35:27-05:00",1,14,"prediction-41893245-1238-14",43,1238,41893245,"y1908"
"2019-11-15T13:35:53-05:00",1,15,"prediction-41893245-1239-15",43,1239,41893245,"y1908"
"2019-11-15T13:37:17-05:00",1,16,"prediction-41893245-1241-16",43,1241,41893245,"y1908"
"2019-11-15T13:38:28-05:00",1,17,"prediction-41893245-9980-17",43,9980,41893245,"y1908"
"2019-11-15T13:39:30-05:00",1,18,"prediction-41893245-9981-18",43,9981,41893245,"y1908"
"2019-11-15T13:40:20-05:00",1,19,"prediction-41893245-9982-19",43,9982,41893245,"y1908"
"null",1,20,"prediction-41893245-10000-20",43,10000,41893245,"y1908"
"2019-11-15T13:47:57-05:00",0,1,"prediction-41893189-10000-1",43,10000,41893189,"y1908"
"2019-11-15T14:16:00-05:00",0,1,"prediction-41893198-10000-1",43,10000,41893198,"y1736"
"2019-11-15T13:55:00-05:00",1,1,"prediction-41893203-17863-1",43,17863,41893203,"y1736"
"2019-11-15T14:25:00-05:00",1,1,"prediction-41893233-17863-1",43,17863,41893233,"y1882"
"2019-11-15T13:40:31-05:00",0,12,"prediction-41893215-1251-12",43,1251,41893215,"y1753"
"2019-11-15T13:40:44-05:00",1,15,"prediction-41893245-1239-15",43,1239,41893245,"y1908"
"2019-11-15T13:42:02-05:00",0,13,"prediction-41893215-1252-13",43,1252,41893215,"y1753"
"2019-11-15T13:42:08-05:00",1,16,"prediction-41893245-1241-16",43,1241,41893245,"y1908"
"2019-11-15T13:42:53-05:00",0,14,"prediction-41893215-1253-14",43,1253,41893215,"y1753"
"2019-11-15T13:43:19-05:00",1,17,"prediction-41893245-9980-17",43,9980,41893245,"y1908"
"2019-11-15T13:43:43-05:00",0,15,"prediction-41893215-1254-15",43,1254,41893215,"y1753"
"2019-11-15T13:44:16-05:00",0,16,"prediction-41893215-1255-16",43,1255,41893215,"y1753"
"2019-11-15T13:44:21-05:00",1,18,"prediction-41893245-9981-18",43,9981,41893245,"y1908"
"2019-11-15T13:45:12-05:00",1,19,"prediction-41893245-9982-19",43,9982,41893245,"y1908"
"null",1,20,"prediction-41893245-10000-20",43,10000,41893245,"y1908"
"2019-11-15T13:48:33-05:00",0,2,"prediction-41893189-8279-2",43,8279,41893189,"y1908"
"2019-11-15T13:49:53-05:00",0,3,"prediction-41893189-8281-3",43,8281,41893189,"y1908"
"2019-11-15T13:50:18-05:00",0,4,"prediction-41893189-1242-4",43,1242,41893189,"y1908"
"2019-11-15T13:51:26-05:00",0,5,"prediction-41893189-168-5",43,168,41893189,"y1908"
"2019-11-15T13:51:36-05:00",0,6,"prediction-41893189-11245-6",43,11245,41893189,"y1908"
"2019-11-15T13:53:29-05:00",0,7,"prediction-41893189-1246-7",43,1246,41893189,"y1908"
"2019-11-15T13:53:39-05:00",0,8,"prediction-41893189-1247-8",43,1247,41893189,"y1908"
"2019-11-15T13:54:58-05:00",0,9,"prediction-41893189-1248-9",43,1248,41893189,"y1908"
"2019-11-15T13:55:37-05:00",0,10,"prediction-41893189-1249-10",43,1249,41893189,"y1908"
"2019-11-15T13:56:17-05:00",0,11,"prediction-41893189-1250-11",43,1250,41893189,"y1908"
"2019-11-15T13:56:44-05:00",0,12,"prediction-41893189-1251-12",43,1251,41893189,"y1908"
"2019-11-15T13:57:36-05:00",0,13,"prediction-41893189-1252-13",43,1252,41893189,"y1908"
"2019-11-15T13:58:00-05:00",0,14,"prediction-41893189-1253-14",43,1253,41893189,"y1908"
"2019-11-15T13:58:20-05:00",0,15,"prediction-41893189-1254-15",43,1254,41893189,"y1908"
"2019-11-15T13:58:46-05:00",0,16,"prediction-41893189-1255-16",43,1255,41893189,"y1908"
"2019-11-15T13:58:57-05:00",1,2,"prediction-41893203-1226-2",43,1226,41893203,"y1736"
"2019-11-15T13:59:15-05:00",1,3,"prediction-41893203-1227-3",43,1227,41893203,"y1736"
"2019-11-15T14:00:15-05:00",1,4,"prediction-41893203-1228-4",43,1228,41893203,"y1736"
"2019-11-15T14:00:23-05:00",1,5,"prediction-41893203-11228-5",43,11228,41893203,"y1736"
"2019-11-15T14:00:44-05:00",1,6,"prediction-41893203-1230-6",43,1230,41893203,"y1736"
"2019-11-15T14:01:28-05:00",1,7,"prediction-41893203-1231-7",43,1231,41893203,"y1736"
"2019-11-15T14:01:46-05:00",1,8,"prediction-41893203-1232-8",43,1232,41893203,"y1736"
"2019-11-15T14:02:21-05:00",1,9,"prediction-41893203-1233-9",43,1233,41893203,"y1736"
"2019-11-15T14:02:59-05:00",1,10,"prediction-41893203-1234-10",43,1234,41893203,"y1736"
"2019-11-15T14:03:23-05:00",1,11,"prediction-41893203-1235-11",43,1235,41893203,"y1736"
"2019-11-15T14:03:51-05:00",1,12,"prediction-41893203-1236-12",43,1236,41893203,"y1736"
"2019-11-15T14:04:10-05:00",1,13,"prediction-41893203-1237-13",43,1237,41893203,"y1736"
"2019-11-15T14:05:05-05:00",1,14,"prediction-41893203-1238-14",43,1238,41893203,"y1736"
"2019-11-15T14:06:39-05:00",1,15,"prediction-41893203-1239-15",43,1239,41893203,"y1736"
"2019-11-15T14:08:03-05:00",1,16,"prediction-41893203-1241-16",43,1241,41893203,"y1736"
"2019-11-15T14:08:50-05:00",1,17,"prediction-41893203-9980-17",43,9980,41893203,"y1736"
"2019-11-15T14:09:27-05:00",1,18,"prediction-41893203-9981-18",43,9981,41893203,"y1736"
"2019-11-15T14:09:54-05:00",1,19,"prediction-41893203-9982-19",43,9982,41893203,"y1736"
"null",1,20,"prediction-41893203-10000-20",43,10000,41893203,"y1736"
"2019-11-15T14:19:09-05:00",0,2,"prediction-41893198-8279-2",43,8279,41893198,"y1736"
"2019-11-15T14:20:55-05:00",0,3,"prediction-41893198-8281-3",43,8281,41893198,"y1736"
"2019-11-15T14:21:53-05:00",0,4,"prediction-41893198-1242-4",43,1242,41893198,"y1736"
"2019-11-15T14:23:19-05:00",0,5,"prediction-41893198-168-5",43,168,41893198,"y1736"
"2019-11-15T14:23:36-05:00",0,6,"prediction-41893198-11245-6",43,11245,41893198,"y1736"
"2019-11-15T14:25:21-05:00",0,7,"prediction-41893198-1246-7",43,1246,41893198,"y1736"
"2019-11-15T14:25:33-05:00",0,8,"prediction-41893198-1247-8",43,1247,41893198,"y1736"
"2019-11-15T14:26:55-05:00",0,9,"prediction-41893198-1248-9",43,1248,41893198,"y1736"
"2019-11-15T14:27:25-05:00",0,10,"prediction-41893198-1249-10",43,1249,41893198,"y1736"
"2019-11-15T14:27:45-05:00",0,11,"prediction-41893198-1250-11",43,1250,41893198,"y1736"
"2019-11-15T14:27:52-05:00",1,2,"prediction-41893233-1226-2",43,1226,41893233,"y1882"
"2019-11-15T14:28:09-05:00",1,3,"prediction-41893233-1227-3",43,1227,41893233,"y1882"
"2019-11-15T14:28:10-05:00",0,12,"prediction-41893198-1251-12",43,1251,41893198,"y1736"
"2019-11-15T14:28:49-05:00",1,4,"prediction-41893233-1228-4",43,1228,41893233,"y1882"
"2019-11-15T14:28:58-05:00",0,13,"prediction-41893198-1252-13",43,1252,41893198,"y1736"
"2019-11-15T14:29:26-05:00",0,14,"prediction-41893198-1253-14",43,1253,41893198,"y1736"
"2019-11-15T14:29:31-05:00",1,5,"prediction-41893233-11228-5",43,11228,41893233,"y1882"
"2019-11-15T14:29:59-05:00",1,6,"prediction-41893233-1230-6",43,1230,41893233,"y1882"
"2019-11-15T14:30:08-05:00",0,15,"prediction-41893198-1254-15",43,1254,41893198,"y1736"
"2019-11-15T14:30:37-05:00",0,16,"prediction-41893198-1255-16",43,1255,41893198,"y1736"
"2019-11-15T14:31:35-05:00",1,7,"prediction-41893233-1231-7",43,1231,41893233,"y1882"
"2019-11-15T14:31:51-05:00",1,8,"prediction-41893233-1232-8",43,1232,41893233,"y1882"
"2019-11-15T14:32:10-05:00",1,9,"prediction-41893233-1233-9",43,1233,41893233,"y1882"
"2019-11-15T14:32:49-05:00",1,10,"prediction-41893233-1234-10",43,1234,41893233,"y1882"
"2019-11-15T14:33:09-05:00",1,11,"prediction-41893233-1235-11",43,1235,41893233,"y1882"
"2019-11-15T14:34:06-05:00",1,12,"prediction-41893233-1236-12",43,1236,41893233,"y1882"
"2019-11-15T14:35:36-05:00",1,13,"prediction-41893233-1237-13",43,1237,41893233,"y1882"
"2019-11-15T14:36:58-05:00",1,14,"prediction-41893233-1238-14",43,1238,41893233,"y1882"
"2019-11-15T14:37:36-05:00",1,15,"prediction-41893233-1239-15",43,1239,41893233,"y1882"
"2019-11-15T14:39:17-05:00",1,16,"prediction-41893233-1241-16",43,1241,41893233,"y1882"
"2019-11-15T14:40:14-05:00",1,17,"prediction-41893233-9980-17",43,9980,41893233,"y1882"
"2019-11-15T14:41:32-05:00",1,18,"prediction-41893233-9981-18",43,9981,41893233,"y1882"
"2019-11-15T14:42:49-05:00",1,19,"prediction-41893233-9982-19",43,9982,41893233,"y1882"
"null",1,20,"prediction-41893233-10000-20",43,10000,41893233,"y1882"
"2019-11-15T15:49:39-05:00",0,1,"prediction-41893191-10000-1",43,10000,41893191,"y1882"
"2019-11-15T15:21:53-05:00",0,1,"prediction-41893205-10000-1",43,10000,41893205,"y1742"
"2019-11-15T15:25:00-05:00",1,1,"prediction-41893219-17863-1",43,17863,41893219,"y1882"
"2019-11-15T15:55:00-05:00",1,1,"prediction-41893244-17863-1",43,17863,41893244,"y1742"
"2019-11-15T14:55:41-05:00",0,5,"prediction-41893201-168-5",43,168,41893201,"y1882"
"2019-11-15T14:55:57-05:00",0,6,"prediction-41893201-11245-6",43,11245,41893201,"y1882"
"2019-11-15T14:57:14-05:00",0,7,"prediction-41893201-1246-7",43,1246,41893201,"y1882"
"2019-11-15T14:57:29-05:00",0,8,"prediction-41893201-1247-8",43,1247,41893201,"y1882"
"2019-11-15T14:58:57-05:00",0,9,"prediction-41893201-1248-9",43,1248,41893201,"y1882"
"2019-11-15T14:59:12-05:00",0,10,"prediction-41893201-1249-10",43,1249,41893201,"y1882"
"2019-11-15T14:59:31-05:00",0,11,"prediction-41893201-1250-11",43,1250,41893201,"y1882"
"2019-11-15T14:59:38-05:00",1,2,"prediction-41893199-1226-2",43,1226,41893199,"y1742"
"2019-11-15T14:59:53-05:00",1,3,"prediction-41893199-1227-3",43,1227,41893199,"y1742"
"2019-11-15T15:00:09-05:00",0,12,"prediction-41893201-1251-12",43,1251,41893201,"y1882"
"2019-11-15T15:01:49-05:00",0,13,"prediction-41893201-1252-13",43,1252,41893201,"y1882"
"2019-11-15T15:01:54-05:00",1,4,"prediction-41893199-1228-4",43,1228,41893199,"y1742"
"2019-11-15T15:02:15-05:00",0,14,"prediction-41893201-1253-14",43,1253,41893201,"y1882"
"2019-11-15T15:02:38-05:00",0,15,"prediction-41893201-1254-15",43,1254,41893201,"y1882"
"2019-11-15T15:02:47-05:00",1,5,"prediction-41893199-11228-5",43,11228,41893199,"y1742"
"2019-11-15T15:03:13-05:00",0,16,"prediction-41893201-1255-16",43,1255,41893201,"y1882"
"2019-11-15T15:03:16-05:00",1,6,"prediction-41893199-1230-6",43,1230,41893199,"y1742"
"null",0,17,"prediction-41893201-17863-17",43,17863,41893201,"y1882"
"2019-11-15T15:04:52-05:00",1,7,"prediction-41893199-1231-7",43,1231,41893199,"y1742"
"2019-11-15T15:05:10-05:00",1,8,"prediction-41893199-1232-8",43,1232,41893199,"y1742"
"2019-11-15T15:05:50-05:00",1,9,"prediction-41893199-1233-9",43,1233,41893199,"y1742"
"2019-11-15T15:06:26-05:00",1,10,"prediction-41893199-1234-10",43,1234,41893199,"y1742"
"2019-11-15T15:07:10-05:00",1,11,"prediction-41893199-1235-11",43,1235,41893199,"y1742"
"2019-11-15T15:08:11-05:00",1,12,"prediction-41893199-1236-12",43,1236,41893199,"y1742"
"2019-11-15T15:09:37-05:00",1,13,"prediction-41893199-1237-13",43,1237,41893199,"y1742"
"2019-11-15T15:10:24-05:00",1,14,"prediction-41893199-1238-14",43,1238,41893199,"y1742"
"2019-11-15T15:11:52-05:00",1,15,"prediction-41893199-1239-15",43,1239,41893199,"y1742"
"2019-11-15T15:14:31-05:00",1,16,"prediction-41893199-1241-16",43,1241,41893199,"y1742"
"2019-11-15T15:15:40-05:00",1,17,"prediction-41893199-9980-17",43,9980,41893199,"y1742"
"2019-11-15T15:16:57-05:00",1,18,"prediction-41893199-9981-18",43,9981,41893199,"y1742"
"2019-11-15T15:17:55-05:00",1,19,"prediction-41893199-9982-19",43,9982,41893199,"y1742"
"null",1,20,"prediction-41893199-10000-20",43,10000,41893199,"y1742"
"2019-11-15T15:22:30-05:00",0,2,"prediction-41893205-8279-2",43,8279,41893205,"y1742"
"2019-11-15T15:24:20-05:00",0,3,"prediction-41893205-8281-3",43,8281,41893205,"y1742"
"2019-11-15T15:24:58-05:00",0,4,"prediction-41893205-1242-4",43,1242,41893205,"y1742"
"2019-11-15T15:27:59-05:00",0,5,"prediction-41893205-168-5",43,168,41893205,"y1742"
"2019-11-15T15:28:05-05:00",1,2,"prediction-41893219-1226-2",43,1226,41893219,"y1882"
"2019-11-15T15:28:18-05:00",0,6,"prediction-41893205-11245-6",43,11245,41893205,"y1742"
"2019-11-15T15:28:21-05:00",1,3,"prediction-41893219-1227-3",43,1227,41893219,"y1882"
"2019-11-15T15:29:00-05:00",1,4,"prediction-41893219-1228-4",43,1228,41893219,"y1882"
"2019-11-15T15:29:39-05:00",1,5,"prediction-41893219-11228-5",43,11228,41893219,"y1882"
"2019-11-15T15:30:03-05:00",1,6,"prediction-41893219-1230-6",43,1230,41893219,"y1882"
"2019-11-15T15:30:40-05:00",0,7,"prediction-41893205-1246-7",43,1246,41893205,"y1742"
"2019-11-15T15:31:12-05:00",0,8,"prediction-41893205-1247-8",43,1247,41893205,"y1742"
"2019-11-15T15:32:16-05:00",1,7,"prediction-41893219-1231-7",43,1231,41893219,"y1882"
"2019-11-15T15:32:22-05:00",0,9,"prediction-41893205-1248-9",43,1248,41893205,"y1742"
"2019-11-15T15:32:35-05:00",0,10,"prediction-41893205-1249-10",43,1249,41893205,"y1742"
"2019-11-15T15:33:02-05:00",1,8,"prediction-41893219-1232-8",43,1232,41893219,"y1882"
"2019-11-15T15:33:34-05:00",1,9,"prediction-41893219-1233-9",43,1233,41893219,"y1882"
"2019-11-15T15:33:43-05:00",0,11,"prediction-41893205-1250-11",43,1250,41893205,"y1742"
"2019-11-15T15:34:17-05:00",0,12,"prediction-41893205-1251-12",43,1251,41893205,"y1742"
"2019-11-15T15:34:20-05:00",1,10,"prediction-41893219-1234-10",43,1234,41893219,"y1882"
"2019-11-15T15:34:49-05:00",0,13,"prediction-41893205-1252-13",43,1252,41893205,"y1742"
"2019-11-15T15:35:01-05:00",1,11,"prediction-41893219-1235-11",43,1235,41893219,"y1882"
"2019-11-15T15:35:19-05:00",0,14,"prediction-41893205-1253-14",43,1253,41893205,"y1742"
"2019-11-15T15:36:05-05:00",1,12,"prediction-41893219-1236-12",43,1236,41893219,"y1882"
"2019-11-15T15:36:22-05:00",0,15,"prediction-41893205-1254-15",43,1254,41893205,"y1742"
"2019-11-15T15:37:19-05:00",0,16,"prediction-41893205-1255-16",43,1255,41893205,"y1742"
"2019-11-15T15:37:44-05:00",1,13,"prediction-41893219-1237-13",43,1237,41893219,"y1882"
"null",0,17,"prediction-41893205-17863-17",43,17863,41893205,"y1742"
"2019-11-15T15:39:02-05:00",1,14,"prediction-41893219-1238-14",43,1238,41893219,"y1882"
"2019-11-15T15:40:22-05:00",1,15,"prediction-41893219-1239-15",43,1239,41893219,"y1882"
"2019-11-15T15:42:25-05:00",1,16,"prediction-41893219-1241-16",43,1241,41893219,"y1882"
"2019-11-15T15:43:48-05:00",1,17,"prediction-41893219-9980-17",43,9980,41893219,"y1882"
"2019-11-15T15:45:17-05:00",1,18,"prediction-41893219-9981-18",43,9981,41893219,"y1882"
"2019-11-15T15:46:47-05:00",1,19,"prediction-41893219-9982-19",43,9982,41893219,"y1882"
"null",1,20,"prediction-41893219-10000-20",43,10000,41893219,"y1882"
"2019-11-15T15:54:23-05:00",0,2,"prediction-41893191-8279-2",43,8279,41893191,"y1882"
"2019-11-15T15:55:50-05:00",0,3,"prediction-41893191-8281-3",43,8281,41893191,"y1882"
"2019-11-15T15:56:18-05:00",0,4,"prediction-41893191-1242-4",43,1242,41893191,"y1882"
"2019-11-15T15:57:06-05:00",1,2,"prediction-41893244-1226-2",43,1226,41893244,"y1742"
"2019-11-15T15:57:21-05:00",1,3,"prediction-41893244-1227-3",43,1227,41893244,"y1742"
"2019-11-15T15:58:19-05:00",1,4,"prediction-41893244-1228-4",43,1228,41893244,"y1742"
"2019-11-15T15:58:30-05:00",0,5,"prediction-41893191-168-5",43,168,41893191,"y1882"
"2019-11-15T15:59:03-05:00",1,5,"prediction-41893244-11228-5",43,11228,41893244,"y1742"
"2019-11-15T15:59:10-05:00",0,6,"prediction-41893191-11245-6",43,11245,41893191,"y1882"
"2019-11-15T15:59:47-05:00",1,6,"prediction-41893244-1230-6",43,1230,41893244,"y1742"
"2019-11-15T16:01:10-05:00",1,7,"prediction-41893244-1231-7",43,1231,41893244,"y1742"
"2019-11-15T16:01:29-05:00",0,7,"prediction-41893191-1246-7",43,1246,41893191,"y1882"
"2019-11-15T16:01:36-05:00",0,8,"prediction-41893191-1247-8",43,1247,41893191,"y1882"
"2019-11-15T16:01:44-05:00",1,8,"prediction-41893244-1232-8",43,1232,41893244,"y1742"
"2019-11-15T16:02:57-05:00",1,9,"prediction-41893244-1233-9",43,1233,41893244,"y1742"
"2019-11-15T16:03:01-05:00",0,9,"prediction-41893191-1248-9",43,1248,41893191,"y1882"
"2019-11-15T16:03:33-05:00",1,10,"prediction-41893244-1234-10",43,1234,41893244,"y1742"
"2019-11-15T16:03:57-05:00",0,10,"prediction-41893191-1249-10",43,1249,41893191,"y1882"
"2019-11-15T16:04:14-05:00",1,11,"prediction-41893244-1235-11",43,1235,41893244,"y1742"
"2019-11-15T16:04:49-05:00",0,11,"prediction-41893191-1250-11",43,1250,41893191,"y1882"
"2019-11-15T16:05:19-05:00",0,12,"prediction-41893191-1251-12",43,1251,41893191,"y1882"
"2019-11-15T16:05:34-05:00",0,13,"prediction-41893191-1252-13",43,1252,41893191,"y1882"
"2019-11-15T16:05:36-05:00",1,12,"prediction-41893244-1236-12",43,1236,41893244,"y1742"
"2019-11-15T16:06:25-05:00",0,14,"prediction-41893191-1253-14",43,1253,41893191,"y1882"
"2019-11-15T16:07:07-05:00",1,13,"prediction-41893244-1237-13",43,1237,41893244,"y1742"
"2019-11-15T16:07:08-05:00",0,15,"prediction-41893191-1254-15",43,1254,41893191,"y1882"
"2019-11-15T16:07:50-05:00",1,14,"prediction-41893244-1238-14",43,1238,41893244,"y1742"
"2019-11-15T16:08:07-05:00",0,16,"prediction-41893191-1255-16",43,1255,41893191,"y1882"
"null",0,17,"prediction-41893191-17863-17",43,17863,41893191,"y1882"
"2019-11-15T16:09:10-05:00",1,15,"prediction-41893244-1239-15",43,1239,41893244,"y1742"
"2019-11-15T16:10:43-05:00",1,16,"prediction-41893244-1241-16",43,1241,41893244,"y1742"
"2019-11-15T16:12:30-05:00",1,17,"prediction-41893244-9980-17",43,9980,41893244,"y1742"
"2019-11-15T16:13:39-05:00",1,18,"prediction-41893244-9981-18",43,9981,41893244,"y1742"
"2019-11-15T16:14:18-05:00",1,19,"prediction-41893244-9982-19",43,9982,41893244,"y1742"
"null",1,20,"prediction-41893244-10000-20",43,10000,41893244,"y1742"
"2019-11-15T17:47:00-05:00",0,1,"prediction-41893366-10000-1",43,10000,41893366,"y1844"
"2019-11-15T17:20:00-05:00",1,1,"prediction-41893367-17863-1",43,17863,41893367,"y1844"
"2019-11-15T17:50:00-05:00",1,1,"prediction-41893369-17863-1",43,17863,41893369,"y1742"
"2019-11-15T17:17:23-05:00",0,1,"prediction-41893370-10000-1",43,10000,41893370,"y1742"
"2019-11-15T17:08:01-05:00",0,14,"prediction-41893178-1253-14",43,1253,41893178,"y1844"
"2019-11-15T17:09:21-05:00",0,15,"prediction-41893178-1254-15",43,1254,41893178,"y1844"
"2019-11-15T17:10:03-05:00",1,16,"prediction-41893207-1241-16",43,1241,41893207,"y1742"
"2019-11-15T17:10:11-05:00",0,16,"prediction-41893178-1255-16",43,1255,41893178,"y1844"
"null",0,17,"prediction-41893178-17863-17",43,17863,41893178,"y1844"
"2019-11-15T17:11:43-05:00",1,17,"prediction-41893207-9980-17",43,9980,41893207,"y1742"
"2019-11-15T17:12:52-05:00",1,18,"prediction-41893207-9981-18",43,9981,41893207,"y1742"
"2019-11-15T17:14:24-05:00",1,19,"prediction-41893207-9982-19",43,9982,41893207,"y1742"
"null",1,20,"prediction-41893207-10000-20",43,10000,41893207,"y1742"
"2019-11-15T17:18:45-05:00",0,2,"prediction-41893370-8279-2",43,8279,41893370,"y1742"
"2019-11-15T17:21:53-05:00",0,3,"prediction-41893370-8281-3",43,8281,41893370,"y1742"
"2019-11-15T17:22:53-05:00",0,4,"prediction-41893370-1242-4",43,1242,41893370,"y1742"
"2019-11-15T17:24:22-05:00",1,2,"prediction-41893367-1226-2",43,1226,41893367,"y1844"
"2019-11-15T17:24:45-05:00",1,3,"prediction-41893367-1227-3",43,1227,41893367,"y1844"
"2019-11-15T17:25:36-05:00",1,4,"prediction-41893367-1228-4",43,1228,41893367,"y1844"
"2019-11-15T17:26:29-05:00",0,5,"prediction-41893370-168-5",43,168,41893370,"y1742"
"2019-11-15T17:26:35-05:00",1,5,"prediction-41893367-11228-5",43,11228,41893367,"y1844"
"2019-11-15T17:27:03-05:00",1,6,"prediction-41893367-1230-6",43,1230,41893367,"y1844"
"2019-11-15T17:27:39-05:00",0,6,"prediction-41893370-11245-6",43,11245,41893370,"y1742"
"2019-11-15T17:29:01-05:00",1,7,"prediction-41893367-1231-7",43,1231,41893367,"y1844"
"2019-11-15T17:29:19-05:00",1,8,"prediction-41893367-1232-8",43,1232,41893367,"y1844"
"2019-11-15T17:30:05-05:00",1,9,"prediction-41893367-1233-9",43,1233,41893367,"y1844"
"2019-11-15T17:30:35-05:00",1,10,"prediction-41893367-1234-10",43,1234,41893367,"y1844"
"2019-11-15T17:31:10-05:00",1,11,"prediction-41893367-1235-11",43,1235,41893367,"y1844"
"2019-11-15T17:31:42-05:00",0,7,"prediction-41893370-1246-7",43,1246,41893370,"y1742"
"2019-11-15T17:31:55-05:00",0,8,"prediction-41893370-1247-8",43,1247,41893370,"y1742"
"2019-11-15T17:32:11-05:00",1,12,"prediction-41893367-1236-12",43,1236,41893367,"y1844"
"2019-11-15T17:33:21-05:00",0,9,"prediction-41893370-1248-9",43,1248,41893370,"y1742"
"2019-11-15T17:33:37-05:00",1,13,"prediction-41893367-1237-13",43,1237,41893367,"y1844"
"2019-11-15T17:34:02-05:00",0,10,"prediction-41893370-1249-10",43,1249,41893370,"y1742"
"2019-11-15T17:34:26-05:00",1,14,"prediction-41893367-1238-14",43,1238,41893367,"y1844"
"2019-11-15T17:34:47-05:00",0,11,"prediction-41893370-1250-11",43,1250,41893370,"y1742"
"2019-11-15T17:35:27-05:00",0,12,"prediction-41893370-1251-12",43,1251,41893370,"y1742"
"2019-11-15T17:35:36-05:00",1,15,"prediction-41893367-1239-15",43,1239,41893367,"y1844"
"2019-11-15T17:37:15-05:00",0,13,"prediction-41893370-1252-13",43,1252,41893370,"y1742"
"2019-11-15T17:38:03-05:00",1,16,"prediction-41893367-1241-16",43,1241,41893367,"y1844"
"2019-11-15T17:38:11-05:00",0,14,"prediction-41893370-1253-14",43,1253,41893370,"y1742"
"2019-11-15T17:39:16-05:00",0,15,"prediction-41893370-1254-15",43,1254,41893370,"y1742"
"2019-11-15T17:39:24-05:00",1,17,"prediction-41893367-9980-17",43,9980,41893367,"y1844"
"2019-11-15T17:39:49-05:00",0,16,"prediction-41893370-1255-16",43,1255,41893370,"y1742"
"2019-11-15T17:40:16-05:00",1,18,"prediction-41893367-9981-18",43,9981,41893367,"y1844"
"null",0,17,"prediction-41893370-17863-17",43,17863,41893370,"y1742"
"2019-11-15T17:41:22-05:00",1,19,"prediction-41893367-9982-19",43,9982,41893367,"y1844"
"null",1,20,"prediction-41893367-10000-20",43,10000,41893367,"y1844"
"2019-11-15T17:50:20-05:00",0,2,"prediction-41893366-8279-2",43,8279,41893366,"y1844"
"2019-11-15T17:52:15-05:00",0,3,"prediction-41893366-8281-3",43,8281,41893366,"y1844"
"2019-11-15T17:53:02-05:00",0,4,"prediction-41893366-1242-4",43,1242,41893366,"y1844"
"2019-11-15T17:55:16-05:00",1,2,"prediction-41893369-1226-2",43,1226,41893369,"y1742"
"2019-11-15T17:55:27-05:00",1,3,"prediction-41893369-1227-3",43,1227,41893369,"y1742"
"2019-11-15T17:56:03-05:00",0,5,"prediction-41893366-168-5",43,168,41893366,"y1844"
"2019-11-15T17:56:21-05:00",0,6,"prediction-41893366-11245-6",43,11245,41893366,"y1844"
"2019-11-15T17:57:02-05:00",1,4,"prediction-41893369-1228-4",43,1228,41893369,"y1742"
"2019-11-15T17:57:48-05:00",1,5,"prediction-41893369-11228-5",43,11228,41893369,"y1742"
"2019-11-15T17:58:35-05:00",1,6,"prediction-41893369-1230-6",43,1230,41893369,"y1742"
"2019-11-15T17:58:56-05:00",0,7,"prediction-41893366-1246-7",43,1246,41893366,"y1844"
"2019-11-15T17:59:33-05:00",0,8,"prediction-41893366-1247-8",43,1247,41893366,"y1844"
"2019-11-15T18:00:06-05:00",1,7,"prediction-41893369-1231-7",43,1231,41893369,"y1742"
"2019-11-15T18:00:40-05:00",1,8,"prediction-41893369-1232-8",43,1232,41893369,"y1742"
"2019-11-15T18:00:51-05:00",0,9,"prediction-41893366-1248-9",43,1248,41893366,"y1844"
"2019-11-15T18:01:32-05:00",1,9,"prediction-41893369-1233-9",43,1233,41893369,"y1742"
"2019-11-15T18:01:45-05:00",0,10,"prediction-41893366-1249-10",43,1249,41893366,"y1844"
"2019-11-15T18:01:45-05:00",1,10,"prediction-41893369-1234-10",43,1234,41893369,"y1742"
"2019-11-15T18:02:11-05:00",1,11,"prediction-41893369-1235-11",43,1235,41893369,"y1742"
"2019-11-15T18:02:28-05:00",0,11,"prediction-41893366-1250-11",43,1250,41893366,"y1844"
"2019-11-15T18:02:59-05:00",0,12,"prediction-41893366-1251-12",43,1251,41893366,"y1844"
"2019-11-15T18:03:26-05:00",1,12,"prediction-41893369-1236-12",43,1236,41893369,"y1742"
"2019-11-15T18:04:40-05:00",0,13,"prediction-41893366-1252-13",43,1252,41893366,"y1844"
"2019-11-15T18:05:02-05:00",1,13,"prediction-41893369-1237-13",43,1237,41893369,"y1742"
"2019-11-15T18:05:31-05:00",0,14,"prediction-41893366-1253-14",43,1253,41893366,"y1844"
"2019-11-15T18:06:16-05:00",0,15,"prediction-41893366-1254-15",43,1254,41893366,"y1844"
"2019-11-15T18:06:52-05:00",0,16,"prediction-41893366-1255-16",43,1255,41893366,"y1844"
"2019-11-15T18:06:54-05:00",1,14,"prediction-41893369-1238-14",43,1238,41893369,"y1742"
"null",0,17,"prediction-41893366-17863-17",43,17863,41893366,"y1844"
"2019-11-15T18:08:19-05:00",1,15,"prediction-41893369-1239-15",43,1239,41893369,"y1742"
"2019-11-15T18:10:52-05:00",1,16,"prediction-41893369-1241-16",43,1241,41893369,"y1742"
"2019-11-15T18:12:05-05:00",1,17,"prediction-41893369-9980-17",43,9980,41893369,"y1742"
"2019-11-15T18:13:12-05:00",1,18,"prediction-41893369-9981-18",43,9981,41893369,"y1742"
"2019-11-15T18:13:58-05:00",1,19,"prediction-41893369-9982-19",43,9982,41893369,"y1742"
"null",1,20,"prediction-41893369-10000-20",43,10000,41893369,"y1742"
"2019-11-15T21:47:00-05:00",0,1,"prediction-41893210-10000-1",43,10000,41893210,"y1865"
"2019-11-15T21:30:00-05:00",1,1,"prediction-41893228-17863-1",43,17863,41893228,"y1865"
"2019-11-15T21:12:00-05:00",0,1,"prediction-41893234-10000-1",43,10000,41893234,"y1865"
"2019-11-15T20:47:34-05:00",1,4,"prediction-41893175-1228-4",43,1228,41893175,"y1865"
"2019-11-15T20:47:44-05:00",1,5,"prediction-41893175-11228-5",43,11228,41893175,"y1865"
"2019-11-15T20:47:46-05:00",0,3,"prediction-41893224-8281-3",43,8281,41893224,"y1787"
"2019-11-15T20:48:11-05:00",1,6,"prediction-41893175-1230-6",43,1230,41893175,"y1865"
"2019-11-15T20:48:15-05:00",0,4,"prediction-41893224-1242-4",43,1242,41893224,"y1787"
"2019-11-15T20:49:16-05:00",1,7,"prediction-41893175-1231-7",43,1231,41893175,"y1865"
"2019-11-15T20:49:32-05:00",1,8,"prediction-41893175-1232-8",43,1232,41893175,"y1865"
"2019-11-15T20:50:09-05:00",1,9,"prediction-41893175-1233-9",43,1233,41893175,"y1865"
"2019-11-15T20:50:14-05:00",0,5,"prediction-41893224-168-5",43,168,41893224,"y1787"
"2019-11-15T20:50:25-05:00",1,10,"prediction-41893175-1234-10",43,1234,41893175,"y1865"
"2019-11-15T20:50:28-05:00",0,6,"prediction-41893224-11245-6",43,11245,41893224,"y1787"
"2019-11-15T20:50:43-05:00",1,11,"prediction-41893175-1235-11",43,1235,41893175,"y1865"
"2019-11-15T20:51:33-05:00",1,12,"prediction-41893175-1236-12",43,1236,41893175,"y1865"
"2019-11-15T20:51:58-05:00",0,7,"prediction-41893224-1246-7",43,1246,41893224,"y1787"
"2019-11-15T20:52:23-05:00",0,8,"prediction-41893224-1247-8",43,1247,41893224,"y1787"
"2019-11-15T20:52:46-05:00",1,13,"prediction-41893175-1237-13",43,1237,41893175,"y1865"
"2019-11-15T20:53:16-05:00",1,14,"prediction-41893175-1238-14",43,1238,41893175,"y1865"
"2019-11-15T20:53:34-05:00",0,9,"prediction-41893224-1248-9",43,1248,41893224,"y1787"
"2019-11-15T20:53:37-05:00",1,15,"prediction-41893175-1239-15",43,1239,41893175,"y1865"
"2019-11-15T20:54:13-05:00",0,10,"prediction-41893224-1249-10",43,1249,41893224,"y1787"
"2019-11-15T20:54:28-05:00",0,11,"prediction-41893224-1250-11",43,1250,41893224,"y1787"
"2019-11-15T20:54:38-05:00",1,16,"prediction-41893175-1241-16",43,1241,41893175,"y1865"
"2019-11-15T20:54:46-05:00",0,12,"prediction-41893224-1251-12",43,1251,41893224,"y1787"
"2019-11-15T20:55:07-05:00",0,13,"prediction-41893224-1252-13",43,1252,41893224,"y1787"
"2019-11-15T20:55:35-05:00",0,14,"prediction-41893224-1253-14",43,1253,41893224,"y1787"
"2019-11-15T20:55:36-05:00",1,17,"prediction-41893175-9980-17",43,9980,41893175,"y1865"
"2019-11-15T20:56:23-05:00",0,15,"prediction-41893224-1254-15",43,1254,41893224,"y1787"
"2019-11-15T20:56:47-05:00",1,18,"prediction-41893175-9981-18",43,9981,41893175,"y1865"
"2019-11-15T20:56:55-05:00",0,16,"prediction-41893224-1255-16",43,1255,41893224,"y1787"
"2019-11-15T20:57:13-05:00",1,19,"prediction-41893175-9982-19",43,9982,41893175,"y1865"
"null",1,20,"prediction-41893175-10000-20",43,10000,41893175,"y1865"
"2019-11-15T21:11:09-05:00",0,2,"prediction-41893234-8279-2",43,8279,41893234,"y1865"
"2019-11-15T21:12:18-05:00",0,3,"prediction-41893234-8281-3",43,8281,41893234,"y1865"
"2019-11-15T21:12:45-05:00",0,4,"prediction-41893234-1242-4",43,1242,41893234,"y1865"
"2019-11-15T21:14:39-05:00",0,5,"prediction-41893234-168-5",43,168,41893234,"y1865"
"2019-11-15T21:14:51-05:00",0,6,"prediction-41893234-11245-6",43,11245,41893234,"y1865"
"2019-11-15T21:16:50-05:00",0,7,"prediction-41893234-1246-7",43,1246,41893234,"y1865"
"2019-11-15T21:17:00-05:00",0,8,"prediction-41893234-1247-8",43,1247,41893234,"y1865"
"2019-11-15T21:18:18-05:00",0,9,"prediction-41893234-1248-9",43,1248,41893234,"y1865"
"2019-11-15T21:18:30-05:00",0,10,"prediction-41893234-1249-10",43,1249,41893234,"y1865"
"2019-11-15T21:18:47-05:00",0,11,"prediction-41893234-1250-11",43,1250,41893234,"y1865"
"2019-11-15T21:19:01-05:00",0,12,"prediction-41893234-1251-12",43,1251,41893234,"y1865"
"2019-11-15T21:19:15-05:00",0,13,"prediction-41893234-1252-13",43,1252,41893234,"y1865"
"2019-11-15T21:19:46-05:00",0,14,"prediction-41893234-1253-14",43,1253,41893234,"y1865"
"2019-11-15T21:20:11-05:00",0,15,"prediction-41893234-1254-15",43,1254,41893234,"y1865"
"2019-11-15T21:20:40-05:00",0,16,"prediction-41893234-1255-16",43,1255,41893234,"y1865"
"null",0,17,"prediction-41893234-17863-17",43,17863,41893234,"y1865"
"2019-11-15T21:31:10-05:00",1,2,"prediction-41893228-1226-2",43,1226,41893228,"y1865"
"2019-11-15T21:31:30-05:00",1,3,"prediction-41893228-1227-3",43,1227,41893228,"y1865"
"2019-11-15T21:32:06-05:00",1,4,"prediction-41893228-1228-4",43,1228,41893228,"y1865"
"2019-11-15T21:32:31-05:00",1,5,"prediction-41893228-11228-5",43,11228,41893228,"y1865"
"2019-11-15T21:32:53-05:00",1,6,"prediction-41893228-1230-6",43,1230,41893228,"y1865"
"2019-11-15T21:33:22-05:00",1,7,"prediction-41893228-1231-7",43,1231,41893228,"y1865"
"2019-11-15T21:33:34-05:00",1,8,"prediction-41893228-1232-8",43,1232,41893228,"y1865"
"2019-11-15T21:34:24-05:00",1,9,"prediction-41893228-1233-9",43,1233,41893228,"y1865"
"2019-11-15T21:34:42-05:00",1,10,"prediction-41893228-1234-10",43,1234,41893228,"y1865"
"2019-11-15T21:35:00-05:00",1,11,"prediction-41893228-1235-11",43,1235,41893228,"y1865"
"2019-11-15T21:36:02-05:00",1,12,"prediction-41893228-1236-12",43,1236,41893228,"y1865"
"2019-11-15T21:37:22-05:00",1,13,"prediction-41893228-1237-13",43,1237,41893228,"y1865"
"2019-11-15T21:38:21-05:00",1,14,"prediction-41893228-1238-14",43,1238,41893228,"y1865"
"2019-11-15T21:38:35-05:00",1,15,"prediction-41893228-1239-15",43,1239,41893228,"y1865"
"2019-11-15T21:39:33-05:00",1,16,"prediction-41893228-1241-16",43,1241,41893228,"y1865"
"2019-11-15T21:40:28-05:00",1,17,"prediction-41893228-9980-17",43,9980,41893228,"y1865"
"2019-11-15T21:41:28-05:00",1,18,"prediction-41893228-9981-18",43,9981,41893228,"y1865"
"2019-11-15T21:42:02-05:00",1,19,"prediction-41893228-9982-19",43,9982,41893228,"y1865"
"null",1,20,"prediction-41893228-10000-20",43,10000,41893228,"y1865"
"2019-11-15T21:44:52-05:00",0,2,"prediction-41893210-8279-2",43,8279,41893210,"y1865"
"2019-11-15T21:47:54-05:00",0,3,"prediction-41893210-8281-3",43,8281,41893210,"y1865"
"2019-11-15T21:48:25-05:00",0,4,"prediction-41893210-1242-4",43,1242,41893210,"y1865"
"2019-11-15T21:50:21-05:00",0,5,"prediction-41893210-168-5",43,168,41893210,"y1865"
"2019-11-15T21:50:32-05:00",0,6,"prediction-41893210-11245-6",43,11245,41893210,"y1865"
"2019-11-15T21:52:05-05:00",0,7,"prediction-41893210-1246-7",43,1246,41893210,"y1865"
"2019-11-15T21:52:19-05:00",0,8,"prediction-41893210-1247-8",43,1247,41893210,"y1865"
"2019-11-15T21:53:31-05:00",0,9,"prediction-41893210-1248-9",43,1248,41893210,"y1865"
"2019-11-15T21:53:42-05:00",0,10,"prediction-41893210-1249-10",43,1249,41893210,"y1865"
"2019-11-15T21:54:01-05:00",0,11,"prediction-41893210-1250-11",43,1250,41893210,"y1865"
"2019-11-15T21:54:29-05:00",0,12,"prediction-41893210-1251-12",43,1251,41893210,"y1865"
"2019-11-15T21:55:17-05:00",0,13,"prediction-41893210-1252-13",43,1252,41893210,"y1865"
"2019-11-15T21:55:42-05:00",0,14,"prediction-41893210-1253-14",43,1253,41893210,"y1865"
"2019-11-15T21:56:05-05:00",0,15,"prediction-41893210-1254-15",43,1254,41893210,"y1865"
"2019-11-15T21:56:32-05:00",0,16,"prediction-41893210-1255-16",43,1255,41893210,"y1865"
"null",0,17,"prediction-41893210-17863-17",43,17863,41893210,"y1865"
